{
  "providers": {
    "awscloudformation": {
      "AuthRoleName": "amplify-safeti-staging-32132-authRole",
      "UnauthRoleArn": "arn:aws:iam::053757373150:role/amplify-safeti-staging-32132-unauthRole",
      "AuthRoleArn": "arn:aws:iam::053757373150:role/amplify-safeti-staging-32132-authRole",
      "Region": "us-east-2",
      "DeploymentBucketName": "amplify-safeti-staging-32132-deployment",
      "UnauthRoleName": "amplify-safeti-staging-32132-unauthRole",
      "StackName": "amplify-safeti-staging-32132",
      "StackId": "arn:aws:cloudformation:us-east-2:053757373150:stack/amplify-safeti-staging-32132/a24106b0-4d01-11ed-9f84-0683506f6904",
      "AmplifyAppId": "d1k5wg8cv4gw1l"
    }
  },
  "api": {
    "Safeti": {
      "service": "AppSync",
      "providerPlugin": "awscloudformation",
      "dependsOn": [],
      "output": {
        "authConfig": {
          "defaultAuthentication": {
            "authenticationType": "API_KEY",
            "apiKeyConfig": {
              "apiKeyExpirationDays": 30,
              "description": "api key description"
            }
          },
          "additionalAuthenticationProviders": [
            {
              "authenticationType": "AWS_IAM"
            }
          ]
        },
        "GraphQLAPIIdOutput": "pgkglwfvfnh4bagjxwpjdxberi",
        "GraphQLAPIEndpointOutput": "https://hfv57ob6wndd7njhy5ff6xvabe.appsync-api.us-east-2.amazonaws.com/graphql",
        "GraphQLAPIKeyOutput": "da2-6mjeopnrefg75d3bpqtjewlqtm"
      },
      "lastPushTimeStamp": "2022-11-09T17:25:55.266Z",
      "providerMetadata": {
        "s3TemplateURL": "https://s3.amazonaws.com/amplify-safeti-staging-32132-deployment/amplify-cfn-templates/api/cloudformation-template.json",
        "logicalId": "apiSafeti"
      }
    }
  },
  "auth": {
    "Safeti": {
      "service": "Cognito",
      "providerPlugin": "awscloudformation",
      "dependsOn": [],
      "customAuth": false,
      "frontendAuthConfig": {
        "socialProviders": [],
        "usernameAttributes": [
          "EMAIL"
        ],
        "signupAttributes": [
          "EMAIL",
          "PHONE_NUMBER",
          "NAME",
          "FAMILY_NAME"
        ],
        "passwordProtectionSettings": {
          "passwordPolicyMinLength": 8,
          "passwordPolicyCharacters": [
            "REQUIRES_LOWERCASE",
            "REQUIRES_NUMBERS",
            "REQUIRES_SYMBOLS",
            "REQUIRES_UPPERCASE"
          ]
        },
        "mfaConfiguration": "OFF",
        "mfaTypes": [
          "SMS"
        ],
        "verificationMechanisms": [
          "EMAIL"
        ]
      },
      "providerMetadata": {
        "s3TemplateURL": "https://s3.amazonaws.com/amplify-safeti-staging-32132-deployment/amplify-cfn-templates/auth/Safeti-cloudformation-template.json",
        "logicalId": "authSafeti"
      },
      "lastPushTimeStamp": "2022-11-09T17:25:55.281Z",
      "output": {
        "CreatedSNSRole": "arn:aws:iam::053757373150:role/snsacc1edea32132-staging",
        "UserPoolId": "us-east-2_zha1Lp0pu",
        "AppClientIDWeb": "1qj4sc4f8qlrbljmts44grr6c6",
        "AppClientID": "5bksclbvvq10k3q7qj0ejvtoda",
        "IdentityPoolId": "us-east-2:b9829784-243c-462f-85ec-2c6f913e89a0",
        "UserPoolArn": "arn:aws:cognito-idp:us-east-2:053757373150:userpool/us-east-2_zha1Lp0pu",
        "IdentityPoolName": "testAuthIdentityPool__staging",
        "UserPoolName": "Safeti"
      },
      "lastPushDirHash": "VZQNhN8hwoUG58JZ8358D6r7PGQ="
    }
  }
}